Workbook

Sheet train
A1: Name | B1: Gender | C1: LastLetter | D1: PredictedGender
A2: Ashutosh | B2: Male | C2: =RIGHT(A2) -> h | D2: =VLOOKUP(C:C,'basic-probability-based'!A:E,5,0) -> Male
A3: Meghamala | B3: Female | C3: =RIGHT(A3) -> a | D3: =VLOOKUP(C:C,'basic-probability-based'!A:E,5,0) -> Female
A4: Sahib | B4: Male | C4: =RIGHT(A4) -> b | D4: =VLOOKUP(C:C,'basic-probability-based'!A:E,5,0) -> Male
A5: Pragya | B5: Female | C5: =RIGHT(A5) -> a | D5: =VLOOKUP(C:C,'basic-probability-based'!A:E,5,0) -> Female
A6: Kranti | B6: Female | C6: =RIGHT(A6) -> i | D6: =VLOOKUP(C:C,'basic-probability-based'!A:E,5,0) -> Female
A7: Tulika | B7: Female | C7: =RIGHT(A7) -> a | D7: =VLOOKUP(C:C,'basic-probability-based'!A:E,5,0) -> Female
A8: Aarushi | B8: Female | C8: =RIGHT(A8) -> i | D8: =VLOOKUP(C:C,'basic-probability-based'!A:E,5,0) -> Female
A9: Abhicandra | B9: Male | C9: =RIGHT(A9) -> a | D9: =VLOOKUP(C:C,'basic-probability-based'!A:E,5,0) -> Female
A10: Pratigya | B10: Female | C10: =RIGHT(A10) -> a | D10: =VLOOKUP(C:C,'basic-probability-based'!A:E,5,0) -> Female
A11: Devak | B11: Male | C11: =RIGHT(A11) -> k | D11: =VLOOKUP(C:C,'basic-probability-based'!A:E,5,0) -> Male
A12: Kashiprasad | B12: Male | C12: =RIGHT(A12) -> d | D12: =VLOOKUP(C:C,'basic-probability-based'!A:E,5,0) -> Male
A13: Madhavi | B13: Female | C13: =RIGHT(A13) -> i | D13: =VLOOKUP(C:C,'basic-probability-based'!A:E,5,0) -> Female
... A22: Madirakshi | B22: Female | C22: =RIGHT(A22) -> i | D22: =VLOOKUP(C:C,'basic-probability-based'!A:E,5,0) -> Female
A23: Adil | B23: Male | C23: =RIGHT(A23) -> l | D23: =VLOOKUP(C:C,'basic-probability-based'!A:E,5,0) -> Male | G23: Count of Name | H23: Column Labels
A24: Devadyumna | B24: Male | C24: =RIGHT(A24) -> a | D24: =VLOOKUP(C:C,'basic-probability-based'!A:E,5,0) -> Female | G24: Row Labels | H24: Female | I24: Male | J24: Grand Total
A25: Harijatha | B25: Female | C25: =RIGHT(A25) -> a | D25: =VLOOKUP(C:C,'basic-probability-based'!A:E,5,0) -> Female | G25: Female | H25: 890 | I25: 97 | J25: 987
A26: Rupal | B26: Female | C26: =RIGHT(A26) -> l | D26: =VLOOKUP(C:C,'basic-probability-based'!A:E,5,0) -> Male | G26: Male | H26: 275 | I26: 837 | J26: 1112
A27: Eka | B27: Female | C27: =RIGHT(A27) -> a | D27: =VLOOKUP(C:C,'basic-probability-based'!A:E,5,0) -> Female | G27: Grand Total | H27: 1165 | I27: 934 | J27: 2099
A28: Ilampirai | B28: Female | C28: =RIGHT(A28) -> i | D28: =VLOOKUP(C:C,'basic-probability-based'!A:E,5,0) -> Female
A29: Soham | B29: Male | C29: =RIGHT(A29) -> m | D29: =VLOOKUP(C:C,'basic-probability-based'!A:E,5,0) -> Male
A30: Acalapati | B30: Male | C30: =RIGHT(A30) -> i | D30: =VLOOKUP(C:C,'basic-probability-based'!A:E,5,0) -> Female
A31: Naveen | B31: Male | C31: =RIGHT(A31) -> n | D31: =VLOOKUP(C:C,'basic-probability-based'!A:E,5,0) -> Male
A32: Jalendu | B32: Male | C32: =RIGHT(A32) -> u | D32: =VLOOKUP(C:C,'basic-probability-based'!A:E,5,0) -> Male
A33: Shrivalli | B33: Female | C33: =RIGHT(A33) -> i | D33: =VLOOKUP(C:C,'basic-probability-based'!A:E,5,0) -> Female
A34: Wajeeh | B34: Male | C34: =RIGHT(A34) -> h | D34: =VLOOKUP(C:C,'basic-probability-based'!A:E,5,0) -> Male
A35: Kumar | B35: Male | C35: =RIGHT(A35) -> r | D35: =VLOOKUP(C:C,'basic-probability-based'!A:E,5,0) -> Male
A36: Sudhan | B36: Male | C36: =RIGHT(A36) -> n | D36: =VLOOKUP(C:C,'basic-probability-based'!A:E,5,0) -> Male
A37: Ilanthirayan | B37: Male | C37: =RIGHT(A37) -> n | D37: =VLOOKUP(C:C,'basic-probability-based'!A:E,5,0) -> Male
A38: Agneya | B38: Male | C38: =RIGHT(A38) -> a | D38: =VLOOKUP(C:C,'basic-probability-based'!A:E,5,0) -> Female
A39: Oma | B39: Female | C39: =RIGHT(A39) -> a | D39: =VLOOKUP(C:C,'basic-probability-based'!A:E,5,0) -> Female
... A2100: Asavari | B2100: Female | C2100: =RIGHT(A2100) -> i | D2100: =VLOOKUP(C:C,'basic-probability-based'!A:E,5,0) -> Female

Sheet validation
A1: Name | B1: Gender | C1: LastLetter | D1: PredictedGender
A2: Palashranjan | B2: Male | C2: =RIGHT(A2) -> n | D2: =VLOOKUP(C:C,'basic-probability-based'!A:E,5,0) -> Male
A3: Durva, Durba | B3: Female | C3: =RIGHT(A3) -> a | D3: =VLOOKUP(C:C,'basic-probability-based'!A:E,5,0) -> Female
A4: Bhaumik | B4: Male | C4: =RIGHT(A4) -> k | D4: =VLOOKUP(C:C,'basic-probability-based'!A:E,5,0) -> Male
A5: Menaka | B5: Female | C5: =RIGHT(A5) -> a | D5: =VLOOKUP(C:C,'basic-probability-based'!A:E,5,0) -> Female
A6: Egaiarasu | B6: Male | C6: =RIGHT(A6) -> u | D6: =VLOOKUP(C:C,'basic-probability-based'!A:E,5,0) -> Male
A7: Lokajit | B7: Male | C7: =RIGHT(A7) -> t | D7: =VLOOKUP(C:C,'basic-probability-based'!A:E,5,0) -> Male
A8: Glen | B8: Male | C8: =RIGHT(A8) -> n | D8: =VLOOKUP(C:C,'basic-probability-based'!A:E,5,0) -> Male
A9: SivaSankari | B9: Female | C9: =RIGHT(A9) -> i | D9: =VLOOKUP(C:C,'basic-probability-based'!A:E,5,0) -> Female
A10: Mukul | B10: Male | C10: =RIGHT(A10) -> l | D10: =VLOOKUP(C:C,'basic-probability-based'!A:E,5,0) -> Male
A11: Dyutit | B11: Male | C11: =RIGHT(A11) -> t | D11: =VLOOKUP(C:C,'basic-probability-based'!A:E,5,0) -> Male
A12: Navneeta | B12: Female | C12: =RIGHT(A12) -> a | D12: =VLOOKUP(C:C,'basic-probability-based'!A:E,5,0) -> Female
A13: Snehanshn | B13: Male | C13: =RIGHT(A13) -> n | D13: =VLOOKUP(C:C,'basic-probability-based'!A:E,5,0) -> Male
... A901: Hiranmayi | B901: Female | C901: =RIGHT(A901) -> i | D901: =VLOOKUP(C:C,'basic-probability-based'!A:E,5,0) -> Female

Sheet basic-probability-based
A1: Count of Name | B1: Gender
A2: LastLetter | B2: Female | C2: Male | D2: Grand Total
A3: a | B3: 0.73755047 | C3: 0.26244953 | D3: 1 | E3: =IF(B3>C3,"Female","Male") -> Female
A4: b | B4: 0.16666667 | C4: 0.83333333 | D4: 1 | E4: =IF(B4>C4,"Female","Male") -> Male
A5: d | B5: 0.028571429 | C5: 0.97142857 | D5: 1 | E5: =IF(B5>C5,"Female","Male") -> Male
A6: e | B6: 0.53333333 | C6: 0.46666667 | D6: 1 | E6: =IF(B6>C6,"Female","Male") -> Female
A7: f | B7: 0.33333333 | C7: 0.66666667 | D7: 1 | E7: =IF(B7>C7,"Female","Male") -> Male
A8: g | B8: 0 | C8: 1 | D8: 1 | E8: =IF(B8>C8,"Female","Male") -> Male
A9: h | B9: 0.039370079 | C9: 0.96062992 | D9: 1 | E9: =IF(B9>C9,"Female","Male") -> Male
A10: i | B10: 0.82063882 | C10: 0.17936118 | D10: 1 | E10: =IF(B10>C10,"Female","Male") -> Female
A11: j | B11: 0.037037037 | C11: 0.96296296 | D11: 1 | E11: =IF(B11>C11,"Female","Male") -> Male
A12: k | B12: 0.088888889 | C12: 0.91111111 | D12: 1 | E12: =IF(B12>C12,"Female","Male") -> Male
A13: l | B13: 0.32258065 | C13: 0.67741935 | D13: 1 | E13: =IF(B13>C13,"Female","Male") -> Male
A14: m | B14: 0.14285714 | C14: 0.85714286 | D14: 1 | E14: =IF(B14>C14,"Female","Male") -> Male
... A25: z | B25: 0.14285714 | C25: 0.85714286 | D25: 1 | E25: =IF(B25>C25,"Female","Male") -> Male
A26: Grand Total | B26: 0.47022392 | C26: 0.52977608 | D26: 1

Sheet test
A1: Name | B1: LastLetter | C1: Male Chances | D1: Female Chances | E1: Gender
A2: Zaraaya | B2: a | C2: =VLOOKUP(B2,'basic-probability-based'!$A$1:$D$26,3,0) -> 0.26244953 | D2: =VLOOKUP(B2,'basic-probability-based'!$A$1:$D$26,2,0) -> 0.73755047 | E2: =IF(C2>D2,"M","F") -> F
A3: Nirvaan | B3: n | C3: =VLOOKUP(B3,'basic-probability-based'!$A$1:$D$26,3,0) -> 0.92746114 | D3: =VLOOKUP(B3,'basic-probability-based'!$A$1:$D$26,2,0) -> 0.07253886 | E3: =IF(C3>D3,"M","F") -> M
A4: Vihaana | B4: a | C4: =VLOOKUP(B4,'basic-probability-based'!$A$1:$D$26,3,0) -> 0.26244953 | D4: =VLOOKUP(B4,'basic-probability-based'!$A$1:$D$26,2,0) -> 0.73755047 | E4: =IF(C4>D4,"M","F") -> F
A5: Saanvi | B5: i | C5: =VLOOKUP(B5,'basic-probability-based'!$A$1:$D$26,3,0) -> 0.17936118 | D5: =VLOOKUP(B5,'basic-probability-based'!$A$1:$D$26,2,0) -> 0.82063882 | E5: =IF(C5>D5,"M","F") -> F
